-- MySQL dump 10.13  Distrib 5.1.31, for debian-linux-gnu (i486)
--
-- Host: localhost    Database: mateme_development
-- ------------------------------------------------------
-- Server version	5.1.31-1ubuntu2

/*!40101 SET @OLD_CHARACTER_SET_CLIENT=@@CHARACTER_SET_CLIENT */;
/*!40101 SET @OLD_CHARACTER_SET_RESULTS=@@CHARACTER_SET_RESULTS */;
/*!40101 SET @OLD_COLLATION_CONNECTION=@@COLLATION_CONNECTION */;
/*!40101 SET NAMES utf8 */;
/*!40103 SET @OLD_TIME_ZONE=@@TIME_ZONE */;
/*!40103 SET TIME_ZONE='+00:00' */;
/*!40014 SET @OLD_UNIQUE_CHECKS=@@UNIQUE_CHECKS, UNIQUE_CHECKS=0 */;
/*!40014 SET @OLD_FOREIGN_KEY_CHECKS=@@FOREIGN_KEY_CHECKS, FOREIGN_KEY_CHECKS=0 */;
/*!40101 SET @OLD_SQL_MODE=@@SQL_MODE, SQL_MODE='NO_AUTO_VALUE_ON_ZERO' */;
/*!40111 SET @OLD_SQL_NOTES=@@SQL_NOTES, SQL_NOTES=0 */;

--
-- Table structure for table `users`
--

DROP TABLE IF EXISTS `users`;
SET @saved_cs_client     = @@character_set_client;
SET character_set_client = utf8;
CREATE TABLE `users` (
  `user_id` int(11) NOT NULL AUTO_INCREMENT,
  `system_id` varchar(50) NOT NULL DEFAULT '',
  `username` varchar(50) DEFAULT NULL,
  `password` varchar(50) DEFAULT NULL,
  `salt` varchar(50) DEFAULT NULL,
  `secret_question` varchar(255) DEFAULT NULL,
  `secret_answer` varchar(255) DEFAULT NULL,
  `creator` int(11) NOT NULL DEFAULT '0',
  `date_created` datetime NOT NULL DEFAULT '0000-00-00 00:00:00',
  `changed_by` int(11) DEFAULT NULL,
  `date_changed` datetime DEFAULT NULL,
  `voided` tinyint(1) NOT NULL DEFAULT '0',
  `voided_by` int(11) DEFAULT NULL,
  `date_voided` datetime DEFAULT NULL,
  `void_reason` varchar(255) DEFAULT NULL,
  PRIMARY KEY (`user_id`),
  KEY `user_creator` (`creator`),
  KEY `user_who_changed_user` (`changed_by`),
  KEY `user_who_voided_user` (`voided_by`),
  CONSTRAINT `person_id_for_user` FOREIGN KEY (`user_id`) REFERENCES `person` (`person_id`) ON UPDATE CASCADE,
  CONSTRAINT `user_creator` FOREIGN KEY (`creator`) REFERENCES `users` (`user_id`),
  CONSTRAINT `user_who_changed_user` FOREIGN KEY (`changed_by`) REFERENCES `users` (`user_id`),
  CONSTRAINT `user_who_voided_user` FOREIGN KEY (`voided_by`) REFERENCES `users` (`user_id`)
) ENGINE=InnoDB AUTO_INCREMENT=51 DEFAULT CHARSET=utf8;
SET character_set_client = @saved_cs_client;

--
-- Dumping data for table `users`
--

LOCK TABLES `users` WRITE;
/*!40000 ALTER TABLE `users` DISABLE KEYS */;
INSERT INTO `users` VALUES (1,'admin','admin','f752b21aa194d482fac4e689b5bc42a58fc3','70ea9c3cafdcf7e3e63798e1632ba59e8ca420','',NULL,1,'2005-01-01 00:00:00',1,'2009-09-04 00:00:00',0,NULL,NULL,''),(5,'2-6','ewaters','171fc24ea21b018d928d43d2cce62f6c5e4f','4948dc2479c426fb394c9841e0b94172621e1','',NULL,1,'2009-09-10 10:06:57',1,'2009-09-10 00:00:00',0,NULL,NULL,''),(7,'4-2','davphi','a651dd74d5cd64992b30db66aba8bf791c33f28','c6e05aeb16ff291a76635e408c6311f5b95e11e1','',NULL,1,'2009-11-09 11:15:37',1,'2009-11-09 11:39:32',0,NULL,NULL,''),(8,'5-9','eds','78a555e47d934aed0c0eaa3c6d663e33615c286','1b46865abf13d2da554fdd3193d77efdb2cb65a','',NULL,1,'2009-11-10 13:37:39',1,'2009-11-10 00:00:00',0,NULL,NULL,''),(9,'6-7','edr','6e373b8c4ada7cfae36627b8cd42a556e0843155','94c58297ddeae9595d698bc8241cbe13a4844c1','',NULL,1,'2009-11-10 13:39:35',1,'2009-11-10 00:00:00',0,NULL,NULL,''),(10,'7-5','edc','3b9658eb629e2d32c405385e4df4194c6dca97b','44f05ad76345d99a9680863458ff9472e655bf9','',NULL,1,'2009-11-10 13:40:17',1,'2009-11-10 00:00:00',0,NULL,NULL,''),(11,'8-3','paumal','a3476335765d3062f79e88bbbefaea64b6c8ccf9','f3c3a54e621efe14da3da38f96952fe51656ed36','',NULL,1,'2009-11-16 11:09:02',1,'2009-11-16 00:00:00',0,NULL,NULL,''),(12,'9-1','kayuni','994ba83b9ff125d3dcfa93f86f4dca1c1bb7b','8447edd61a4e11b63e9bf531b1b6e2e0b190515e','',NULL,1,'2009-11-16 11:15:16',1,'2009-11-16 00:00:00',0,NULL,NULL,''),(13,'10-9','henkad','bea86d7711cd83794e7a18c62117126b7ea0dc99','b9c2558681a8e0104d13a05a7b27144282f7542','',NULL,1,'2009-11-16 11:17:23',1,'2009-11-16 00:00:00',0,NULL,NULL,''),(14,'11-7','maralf','3bd46bd7a7617395bb85c94fa9aa6eb17ef15b2','1e8767ef4f7cf0caf32c462df88a93b473326dc3','',NULL,1,'2009-11-16 11:20:22',1,'2009-11-16 00:00:00',0,NULL,NULL,''),(15,'12-5','jerkaw','1532d333515f53bc1165a94d93607325a0396cbf','723d48cedaf5319eafc8ec7839914bc57bb5e1fc','',NULL,1,'2009-11-18 16:47:48',1,'2009-11-18 00:00:00',0,NULL,NULL,''),(16,'13-3','heldza','7c1ae6c0b184418fdcea1ed55b82a6be42d5f867','823cc46507dcb86492ab2271bc6737cdc3d95c7','',NULL,1,'2009-12-07 16:13:43',1,'2009-12-07 00:00:00',0,NULL,NULL,''),(17,'14-1','shemal','595ced5d8b6abb28716bf5612c968f30a17d3d80','3cc3cd13865c914cfd2e2f024d637e4d739b2c','',NULL,1,'2009-12-07 16:14:32',1,'2009-12-07 00:00:00',0,NULL,NULL,''),(18,'15-8','marman','10d7d9fc79ff9fd5175c0718352f70c59e5455','fe6ffa59d81ca68c9823ddc459d676ddc72832e','',NULL,1,'2009-12-07 16:15:21',1,'2009-12-07 00:00:00',0,NULL,NULL,''),(19,'16-6','maddaz','2330d5a81755b443d667126f47865eabf41abbc','92235a2fde4842bbd805ec943e232625de64d20','',NULL,1,'2009-12-07 16:16:24',1,'2009-12-07 00:00:00',0,NULL,NULL,''),(20,'17-4','lydkad','8377716b571056a49f51445d79b75b9f2192c9','a4c0f2b909e857554492d71f0fa6a2de5dd71ed','',NULL,1,'2009-12-07 16:17:15',1,'2009-12-07 00:00:00',0,NULL,NULL,''),(21,'18-2','denbhi','1315aaa79c5cc2386d2fcb2a9816c02417d6a6','bcf5091f6adb3c371b4b2dbef8cc856701d78','',NULL,1,'2009-12-14 12:43:16',1,'2009-12-14 00:00:00',0,NULL,NULL,''),(22,'19-0','tryzuz','18d46e5e67596fcb32d9cf5c4085dedc395d552d','12be728ebbfb740f6f5d4a9f3972af394a80ac','',NULL,1,'2009-12-14 12:44:11',1,'2009-12-14 00:00:00',0,NULL,NULL,''),(36,'','matdam','chifundo',NULL,NULL,NULL,8,'2009-12-29 11:01:41',8,'2009-12-29 11:01:41',0,NULL,NULL,NULL),(37,'','matdam','chifundo',NULL,NULL,NULL,8,'2009-12-29 11:04:29',8,'2009-12-29 11:04:29',0,NULL,NULL,NULL),(38,'','matdam','chifundo',NULL,NULL,NULL,8,'2009-12-29 11:05:04',8,'2009-12-29 11:05:04',0,NULL,NULL,NULL),(39,'','matdam','chifundo',NULL,NULL,NULL,8,'2009-12-29 11:07:18',8,'2009-12-29 11:07:18',0,NULL,NULL,NULL),(43,'','davlol','da39a3ee5e6b4bd3255bfef95601890afd879',NULL,NULL,NULL,8,'2009-12-29 12:54:32',8,'2009-12-29 12:54:32',0,NULL,NULL,NULL),(44,'','titlol','da39a3ee5e6b4bd3255bfef95601890afd879',NULL,NULL,NULL,8,'2009-12-29 13:02:12',8,'2009-12-29 13:02:12',0,NULL,NULL,NULL),(48,'','andlol','c5ba132973881ea77342d3f625e3b93e87187','A5Xo0pMV5B',NULL,NULL,8,'2009-12-29 13:26:44',8,'2009-12-29 13:26:44',0,NULL,NULL,NULL),(50,'','bonmuv','a7fd369cdb85fe32205eff6e18bc76c32cb6ac76','hHwI5KXjRY',NULL,NULL,8,'2009-12-29 14:01:53',8,'2009-12-29 14:01:53',0,NULL,NULL,NULL);
/*!40000 ALTER TABLE `users` ENABLE KEYS */;
UNLOCK TABLES;

--
-- Table structure for table `user_role`
--

DROP TABLE IF EXISTS `user_role`;
SET @saved_cs_client     = @@character_set_client;
SET character_set_client = utf8;
CREATE TABLE `user_role` (
  `user_id` int(11) NOT NULL DEFAULT '0',
  `role` varchar(50) NOT NULL DEFAULT '',
  PRIMARY KEY (`role`,`user_id`),
  KEY `user_role` (`user_id`),
  CONSTRAINT `role_definitions` FOREIGN KEY (`role`) REFERENCES `role` (`role`),
  CONSTRAINT `user_role` FOREIGN KEY (`user_id`) REFERENCES `users` (`user_id`)
) ENGINE=InnoDB DEFAULT CHARSET=utf8;
SET character_set_client = @saved_cs_client;

--
-- Dumping data for table `user_role`
--

LOCK TABLES `user_role` WRITE;
/*!40000 ALTER TABLE `user_role` DISABLE KEYS */;
INSERT INTO `user_role` VALUES (1,'System Developer'),(5,'Data Element Contributor'),(7,'superuser'),(8,'superuser'),(9,'doctor'),(10,'registration clerk'),(11,'registration clerk'),(12,'registration clerk'),(13,'registration clerk'),(14,'registration clerk'),(15,'registration clerk'),(16,'nurse'),(17,'nurse'),(18,'nurse'),(19,'nurse'),(20,'nurse'),(21,'doctor'),(22,'doctor'),(36,'Doctor'),(37,'Doctor'),(38,'Doctor'),(39,'Doctor'),(43,'Doctor'),(44,'Nurse'),(48,'Doctor'),(50,'Doctor');
/*!40000 ALTER TABLE `user_role` ENABLE KEYS */;
UNLOCK TABLES;

--
-- Table structure for table `global_property`
--

DROP TABLE IF EXISTS `global_property`;
SET @saved_cs_client     = @@character_set_client;
SET character_set_client = utf8;
CREATE TABLE `global_property` (
  `property` varchar(255) NOT NULL DEFAULT '',
  `property_value` mediumtext,
  `description` text,
  `id` int(11) NOT NULL AUTO_INCREMENT,
  PRIMARY KEY (`id`)
) ENGINE=InnoDB AUTO_INCREMENT=95 DEFAULT CHARSET=utf8;
SET character_set_client = @saved_cs_client;

--
-- Dumping data for table `global_property`
--

LOCK TABLES `global_property` WRITE;
/*!40000 ALTER TABLE `global_property` DISABLE KEYS */;
INSERT INTO `global_property` VALUES ('birt.birtHome','/usr/bin/birt-runtime-2_2_2/ReportEngine/','Specifies the absolute path to the BIRT Report Engine.  Should include ReportEngine subdirectory. (ex. C:/birt-runtime-2_2_0/ReportEngine)',1),('birt.datasetDir','/usr/share/tomcat5.5/.OpenMRS/birt/datasets','Specifies the absolute path to the reports dataset directory (for CSV/XML data sources). (ex. C:/Documents and Settings/USERNAME/OpenMRS/reports/datasets)',2),('birt.defaultReportDesignFile','default.rptdesign','Specifies the name of the default report design file.\r\nExample: default.rptdesign',3),('birt.loggingDir','/usr/share/tomcat5.5/.OpenMRS/birt/logs','Specifies the absolute path for log files written by BIRT Engine.  (ex. C:/tmp/logs)',4),('birt.outputDir','/usr/share/tomcat5.5/.OpenMRS/birt/output','Specifies the absolute path to the report output file when reports are generated. (ex. C:/Documents and Settings/USERNAME/OpenMRS/reports/output)',5),('birt.reportDir','/usr/share/tomcat5.5/.OpenMRS/birt/reports','Specifies the absolute path where report design files are uploaded.  (ex. C:/Documents and Settings/USERNAME/OpenMRS/reports)',6),('birt.reportOutputFile','/usr/share/tomcat5.5/.OpenMRS/birt/output/ReportOutput.pdf','Specifies the absolute path to the reports output file.  (ex. C:/Documents and Settings/USERNAME/OpenMRS/reports/output/ReportOutput.pdf)',7),('birt.reportOutputFormat','pdf','Specifies the absolute path to the reports output format.(ex. pdf)',8),('birt.reportPreviewFile','/usr/share/tomcat5.5/.OpenMRS/birt/output/ReportPreview.pdf','Specifies the absolute path to the report preview file.  (ex. C:/Documents and Settings/USERNAME/OpenMRS/reports/output/ReportPreview.pdf)',9),('birt.started','true','DO NOT MODIFY. true/false whether or not the birt module has been started.  This is used to make sure modules that were running  prior to a restart are started again',10),('concept.causeOfDeath','5002','Concept id of the concept defining the CAUSE OF DEATH concept',11),('concept.cd4_count','5497','Concept id of the concept defining the CD4 count concept',12),('concept.height','5090','Concept id of the concept defining the HEIGHT concept',13),('concept.medicalRecordObservations','1238','The concept id of the MEDICAL_RECORD_OBSERVATIONS concept.  This concept_id is presumed to be the generic grouping (obr) concept in hl7 messages.  An obs_group row is not created for this concept.',14),('concept.none','1107','Concept id of the concept defining the NONE concept',15),('concept.otherNonCoded','5622','Concept id of the concept defining the OTHER NON-CODED concept',16),('concept.patientDied','1742','Concept id of the concept defining the PATIEND DIED concept',17),('concept.problemList','1284','The concept id of the PROBLEM LIST concept.  This concept_id is presumed to be the generic grouping (obr) concept in hl7 messages.  An obs_group row is not created for this concept.',18),('concept.reasonExitedCare','1811','Concept id of the concept defining the REASON EXITED CARE concept',19),('concept.reasonOrderStopped','6098','Concept id of the concept defining the REASON ORDER STOPPED concept',20),('concept.weight','5089','Concept id of the concept defining the WEIGHT concept',21),('concepts.locked','false','true/false whether or not concepts can be edited in this database.',22),('dashboard.encounters.showEditLink','true','true/false whether or not to show the \'Edit Encounter\' link on the patient dashboard',23),('dashboard.encounters.showEmptyFields','true','true/false whether or not to show empty fields on the \'View Encounter\' window',24),('dashboard.encounters.showViewLink','true','true/false whether or not to show the \'View Encounter\' link on the patient dashboard',25),('dashboard.encounters.usePages','smart','true/false/smart on how to show the pages on the \'View Encounter\' window.  \'smart\' means that if > 50% of the fields have page numbers defined, show data in pages',26),('dashboard.encounters.viewWhere','newWindow','Defines how the \'View Encounter\' link should act. Known values: \'sameWindow\', \'newWindow\', \'oneNewWindow\'',27),('dashboard.header.programs_to_show','','List of programs to show Enrollment details of in the patient header. (Should be an ordered comma-separated list of program_ids or names.)',28),('dashboard.header.workflows_to_show','','List of programs to show Enrollment details of in the patient header. List of workflows to show current status of in the patient header. These will only be displayed if they belong to a program listed above. (Should be a comma-separated list of program_workflow_ids.)',29),('dashboard.overview.showConcepts','','Comma delimited list of concepts ids to show on the patient dashboard overview tab',30),('dashboard.regimen.displayDrugSetIds','ANTIRETROVIRAL DRUGS,TUBERCULOSIS TREATMENT DRUGS','Drug sets that appear on the Patient Dashboard Regimen tab. Comma separated list of name of concepts that are defined as drug sets.',31),('dashboard.regimen.standardRegimens','<list>  <regimenSuggestion>    <drugComponents>      <drugSuggestion>        <drugId>2</drugId>        <dose>1</dose>        <units>tab(s)</units>        <frequency>2/day x 7 days/week</frequency>        <instructions></instructions>      </drugSuggestion>    </drugComponents>    <displayName>3TC + d4T(30) + NVP (Triomune-30)</displayName>    <codeName>standardTri30</codeName>    <canReplace>ANTIRETROVIRAL DRUGS</canReplace>  </regimenSuggestion>  <regimenSuggestion>    <drugComponents>      <drugSuggestion>        <drugId>3</drugId>        <dose>1</dose>        <units>tab(s)</units>        <frequency>2/day x 7 days/week</frequency>        <instructions></instructions>      </drugSuggestion>    </drugComponents>    <displayName>3TC + d4T(40) + NVP (Triomune-40)</displayName>    <codeName>standardTri40</codeName>    <canReplace>ANTIRETROVIRAL DRUGS</canReplace>  </regimenSuggestion>  <regimenSuggestion>    <drugComponents>      <drugSuggestion>        <drugId>39</drugId>        <dose>1</dose>        <units>tab(s)</units>        <frequency>2/day x 7 days/week</frequency>        <instructions></instructions>      </drugSuggestion>      <drugSuggestion>        <drugId>22</drugId>        <dose>200</dose>        <units>mg</units>        <frequency>2/day x 7 days/week</frequency>        <instructions></instructions>      </drugSuggestion>    </drugComponents>    <displayName>AZT + 3TC + NVP</displayName>    <codeName>standardAztNvp</codeName>    <canReplace>ANTIRETROVIRAL DRUGS</canReplace>  </regimenSuggestion>  <regimenSuggestion>    <drugComponents>      <drugSuggestion reference=\"../../../regimenSuggestion[3]/drugComponents/drugSuggestion\"/>      <drugSuggestion>        <drugId>11</drugId>        <dose>600</dose>        <units>mg</units>        <frequency>1/day x 7 days/week</frequency>        <instructions></instructions>      </drugSuggestion>    </drugComponents>    <displayName>AZT + 3TC + EFV(600)</displayName>    <codeName>standardAztEfv</codeName>    <canReplace>ANTIRETROVIRAL DRUGS</canReplace>  </regimenSuggestion>  <regimenSuggestion>    <drugComponents>      <drugSuggestion>        <drugId>5</drugId>        <dose>30</dose>        <units>mg</units>        <frequency>2/day x 7 days/week</frequency>        <instructions></instructions>      </drugSuggestion>      <drugSuggestion>        <drugId>42</drugId>        <dose>150</dose>        		<units>mg</units>        <frequency>2/day x 7 days/week</frequency>        <instructions></instructions>      </drugSuggestion>      <drugSuggestion reference=\"../../../regimenSuggestion[4]/drugComponents/drugSuggestion[2]\"/>    </drugComponents>    <displayName>d4T(30) + 3TC + EFV(600)</displayName>    <codeName>standardD4t30Efv</codeName>    <canReplace>ANTIRETROVIRAL DRUGS</canReplace>  </regimenSuggestion>  <regimenSuggestion>    <drugComponents>      <drugSuggestion>        <drugId>6</drugId>        <dose>40</dose>        <units>mg</units>        <frequency>2/day x 7 days/week</frequency>        <instructions></instructions>      </drugSuggestion>      <drugSuggestion reference=\"../../../regimenSuggestion[5]/drugComponents/drugSuggestion[2]\"/>      <drugSuggestion reference=\"../../../regimenSuggestion[4]/drugComponents/drugSuggestion[2]\"/>    </drugComponents>    <displayName>d4T(40) + 3TC + EFV(600)</displayName>    <codeName>standardD4t40Efv</codeName>    <canReplace>ANTIRETROVIRAL DRUGS</canReplace>  </regimenSuggestion></list>','XML description of standard drug regimens, to be shown as shortcuts on the dashboard regimen entry tab',32),('dashboard.relationships.show_types','','Types of relationships separated by commas.  Doctor/Patient,Parent/Child',33),('database_version','1.4.2.01','',34),('encounterForm.obsSortOrder','number','The sort order for the obs listed on the encounter edit form.  \'number\' sorts on the associated numbering from the form schema.  \'weight\' sorts on the order displayed in the form schema.',35),('formentry.database_version','2.6','DO NOT MODIFY.  Current database version number for the formentry module.',36),('formentry.infopath_archive_dir','','This property should point to a filesystem directory. If undefined (empty), XSNs will not be archived.\r\nIf the directory is defined and available, every time an XSN is uploaded the old XSN\r\nwill be renamed and copied to this directory.',37),('formentry.infopath_server_url','','When uploading an XSN, this url is used as the \"base path\".  (Should be something like http://localhost:8080/openmrs)',38),('formentry.infopath_taskpane.showAllUsersOnLoad','true','When you view the \'users.htm\' page in the taskpane, i.e. by clicking on the Choose a Provider\r\nbutton, should the system automatically preload a list of all users?',39),('formentry.infopath_taskpane_caption','Welcome!','The text seen in the infopath taskpane upon first logging in',40),('formentry.infopath_taskpane_keepalive_min','','The number of minutes to keep refreshing the taskpane before allowing \r\nthe login to lapse',41),('formentry.infopath_taskpane_refresh_sec','','The number of seconds between taskpane refreshes.  This keeps the taskpane from\r\nlogging people out on longer forms',42),('formentry.patientForms.goBackOnEntry','false','\'true\' means have the browser go back to the find patient page after picking a form\r\nfrom the patientForms tab on the patient dashboard page',43),('formentry.queue_archive_dir','formentry/archive/%Y/%M','Directory containing the formentry archive items.  This will contain xml files that have\r\nbeen submitted by infopath and then processed sucessfully into hl7.\r\nCertain date parameters will be replaced with the current date:\r\n%Y = four digit year\r\n%M = two digit month\r\n%D = two digit date of the month\r\n%w = week of the year\r\n     %W = week of the month',44),('formentry.queue_dir','formentry/queue','Directory containing the formentry queue items. This will contain xml files submitted by\r\ninfopath.  These items are awaiting processing to be turned into hl7 queue items',45),('formentry.started','true','DO NOT MODIFY. true/false whether or not the formentry module has been started.  This is used to make sure modules that were running  prior to a restart are started again',46),('formimportexport.parentConceptServer.batchSize','200','',47),('formimportexport.parentConceptServer.password','','Password to use when logging in to the parent concept server. Could be blank if the parent allows unauthenticated users to browse the concept dictionary.',48),('formimportexport.parentConceptServer.url','http://192.168.12.146:8180/openmrs','',49),('formimportexport.parentConceptServer.username','','Username to use when logging in to the parent concept server. Could be blank if the parent allows unauthenticated users to browse the concept dictionary.',50),('formimportexport.started','true','DO NOT MODIFY. true/false whether or not the formimportexport module has been started.  This is used to make sure modules that were running  prior to a restart are started again',51),('gzip.enabled','false','Set to \'true\' to turn on OpenMRS\'s gzip filter, and have the webapp compress data before sending it to any client that supports it. Generally use this if you are running Tomcat standalone. If you are running Tomcat behind Apache, then you\'d want to use Apache to do gzip compression.',52),('htmlformentry.database_version','1.0.0','DO NOT MODIFY.  Current database version number for the htmlformentry module.',53),('htmlformentry.started','true','DO NOT MODIFY. true/false whether or not the htmlformentry module has been started.  This is used to make sure modules that were running  prior to a restart are started again',54),('interface','fancy','',55),('layout.address.format','general','Format in which to display the person addresses.  Valid values are general, kenya, rwanda, usa, and lesotho',56),('layout.name.format','short','Format in which to display the person names.  Valid values are short, long',57),('locale.allowed.list','en, es, fr, it, pt','Comma delimited list of locales allowed for use on system',58),('log.level.openmrs','info','log level used by the logger \'org.openmrs\'. This value will override the log4j.xml value. Valid values are trace, debug, info, warn, error or fatal',59),('mail.debug','false','true/false whether to print debugging information during mailing',60),('mail.default_content_type','text/plain','Content type to append to the mail messages',61),('mail.from','info@openmrs.org','Email address to use as the default from address',62),('mail.password','test','Password for the SMTP user (if smtp_auth is enabled)',63),('mail.smtp_auth','false','true/false whether the smtp host requires authentication',64),('mail.smtp_host','localhost','SMTP host name',65),('mail.smtp_port','25','SMTP port',66),('mail.transport_protocol','smtp','Transport protocol for the messaging engine. Valid values: smtp',67),('mail.user','test','Username of the SMTP user (if smtp_auth is enabled)',68),('module_repository_folder','modules','Name of the folder in which to store the modules',69),('newPatientForm.relationships','','Comma separated list of the RelationshipTypes to show on the new/short patient form.  The list is defined like \'3a, 4b, 7a\'.  The number is the RelationshipTypeId and the \'a\' vs \'b\' part is which side of the relationship is filled in by the user.',70),('new_patient_form.showRelationships','false','true/false whether or not to show the relationship editor on the addPatient.htm screen',71),('patient.defaultPatientIdentifierValidator','org.openmrs.patient.impl.LuhnIdentifierValidator','This property sets the default patient identifier validator.  The default validator is only used in a handful of (mostly legacy) instances.  For example, it\'s used to generate the isValidCheckDigit calculated column and to append the string \"(default)\" to the name of the default validator on the editPatientIdentifierType form.',72),('patient.displayAttributeTypes','Birthplace','',73),('patient.identifierPrefix','','This property is only used if patient.identifierRegex is empty.  The string here is prepended to the sql indentifier search string.  The sql becomes \"... where identifier like \'<PREFIX><QUERY STRING><SUFFIX>\';\".  Typically this value is either a percent sign (%) or empty.',74),('patient.identifierRegex','^0*@SEARCH@([A-Z]+-[0-9])?$','A MySQL regular expression for the patient identifier search strings.  The @SEARCH@ string is replaced at runtime with the user\'s search string.  An empty regex will cause a simply \'like\' sql search to be used',75),('patient.identifierSuffix','%','This property is only used if patient.identifierRegex is empty.  The string here is prepended to the sql indentifier search string.  The sql becomes \"... where identifier like \'<PREFIX><QUERY STRING><SUFFIX>\';\".  Typically this value is either a percent sign (%) or empty.',76),('patient.listingAttributeTypes','','A comma delimited list of PersonAttributeType names that should be displayed for patients in _lists_',77),('patient.searchMaxResults','1000','The maximum number of results returned by patient searches',78),('patient.viewingAttributeTypes','','A comma delimited list of PersonAttributeType names that should be displayed for patients when _viewing individually_',79),('patient_identifier.importantTypes','','A comma delimited list of PatientIdentifier names : PatientIdentifier locations that will be displayed on the patient dashboard.  E.g.: TRACnet ID:Rwanda,ELDID:Kenya',80),('remote_servers.all','','',81),('remote_servers.parent','','',82),('report.xmlMacros','','Macros that will be applied to Report Schema XMLs when they are interpreted. This should be java.util.properties format.',83),('scheduler.password','test','Password for the OpenMRS user that will perform the scheduler activities',84),('scheduler.username','admin','Username for the OpenMRS user that will perform the scheduler activities',85),('user.listingAttributeTypes','','A comma delimited list of PersonAttributeType names that should be displayed for users in _lists_',86),('user.viewingAttributeTypes','','A comma delimited list of PersonAttributeType names that should be displayed for users when _viewing individually_',87),('use_patient_attribute.cellPhone','false','',88),('use_patient_attribute.healthCenter','false','Indicates whether or not the \'health center\' attribute is shown when viewing/searching for patients',89),('use_patient_attribute.homePhone','false','',90),('use_patient_attribute.mothersName','false','Indicates whether or not mother\'s name is able to be added/viewed for a patient',91),('use_patient_attribute.officePhone','false','',92),('use_patient_attribute.tribe','true','Indicates whether or not the \'tribe\' attribute is shown when viewing/searching for patients',93),('vitals.blood_pressure','yes',NULL,94);
/*!40000 ALTER TABLE `global_property` ENABLE KEYS */;
UNLOCK TABLES;
/*!40103 SET TIME_ZONE=@OLD_TIME_ZONE */;

/*!40101 SET SQL_MODE=@OLD_SQL_MODE */;
/*!40014 SET FOREIGN_KEY_CHECKS=@OLD_FOREIGN_KEY_CHECKS */;
/*!40014 SET UNIQUE_CHECKS=@OLD_UNIQUE_CHECKS */;
/*!40101 SET CHARACTER_SET_CLIENT=@OLD_CHARACTER_SET_CLIENT */;
/*!40101 SET CHARACTER_SET_RESULTS=@OLD_CHARACTER_SET_RESULTS */;
/*!40101 SET COLLATION_CONNECTION=@OLD_COLLATION_CONNECTION */;
/*!40111 SET SQL_NOTES=@OLD_SQL_NOTES */;

-- Dump completed on 2010-03-16 14:46:20
